{
  "data": [
    {
      "VGS":3.081685200,
      "VDS":67.643421500,
      "ID":5.430806950,
      "L_d_int":2.76e-09,
      "L_s_int":5.43e-09,
      "L_g_int":2.31e-08,
      "L_d_pin":2.31e-08,
      "L_s_pin":3.20e-08,
      "L_g_pin":1.10e-08,
      "L_dH_ext":5.43e-09,
      "L_sH_ext":2.31e-08,
      "L_gH_ext":1.00e-09,
      "L_dL_ext":1.43e-08,
      "L_sL_ext":9.86e-09,
      "L_gL_ext":1.87e-08,
      "L_Hwire":5.43e-09,
      "L_Lwire":1.43e-08
    }
   ,{
      "VGS":2.940517100,
      "VDS":182.320685000,
      "ID":11.856957000,
      "L_d_int":3.20e-09,
      "L_s_int":1.00e-09,
      "L_g_int":1.43e-08,
      "L_d_pin":2.76e-08,
      "L_s_pin":1.87e-08,
      "L_g_pin":1.00e-09,
      "L_dH_ext":1.87e-08,
      "L_sH_ext":1.43e-08,
      "L_gH_ext":9.86e-09,
      "L_dL_ext":3.20e-08,
      "L_sL_ext":1.00e-09,
      "L_gL_ext":2.31e-08,
      "L_Hwire":1.43e-08,
      "L_Lwire":2.31e-08
    }
] }
